id,config,configLastChangedAt,status,statusLastChangedAt,lobbyConfig,lobbyConfigLastChangedAt,initialized,initializedLastChangedAt,endedReason,endedReasonLastChangedAt
01HJA8Q2D9KAJ86YA4RDY2J2FX,"{""kind"":""complete"",""config"":{""treatments"":[{""treatment"":{""name"":""Two Players"",""desc"":""Two-player Game"",""factors"":{""playerCount"":2}},""count"":1}]}}",2023-12-22T21:40:21.929434-05:00,terminated,2023-12-23T13:38:54.606925-05:00,"{""name"":""Default shared fail"",""kind"":""shared"",""duration"":300000000000,""strategy"":""fail""}",2023-12-22T21:40:21.929434-05:00,true,2023-12-22T21:40:21.949663-05:00,,
01HJBZKCGYXS6PJCEJ5YAAQBJ1,"{""kind"":""complete"",""config"":{""treatments"":[{""treatment"":{""name"":""Solo"",""desc"":""Single-player Game"",""factors"":{""playerCount"":1}},""count"":1}]}}",2023-12-23T13:39:32.894759-05:00,ended,2023-12-23T13:41:04.962526-05:00,"{""name"":""Default individual"",""kind"":""individual"",""duration"":300000000000}",2023-12-23T13:39:32.894759-05:00,true,2023-12-23T13:39:32.906424-05:00,all games finished,2023-12-23T13:41:04.962526-05:00
01HJC19KNK9ZQRGYH0JXVGFCME,"{""kind"":""complete"",""config"":{""treatments"":[{""treatment"":{""name"":""Two Players"",""desc"":""Two-player Game"",""factors"":{""playerCount"":2}},""count"":1}]}}",2023-12-23T14:09:09.687008-05:00,terminated,2023-12-23T14:10:00.670647-05:00,"{""name"":""Default shared ignore"",""kind"":""shared"",""duration"":300000000000,""strategy"":""ignore""}",2023-12-23T14:09:09.687008-05:00,true,2023-12-23T14:09:09.714438-05:00,,
01HJC1BGQB97MT6JYBFA9P3S3C,"{""kind"":""complete"",""config"":{""treatments"":[{""treatment"":{""name"":""Solo"",""desc"":""Single-player Game"",""factors"":{""playerCount"":1}},""count"":1}]}}",2023-12-23T14:10:12.20322-05:00,ended,2023-12-23T14:12:28.972249-05:00,"{""name"":""Default individual"",""kind"":""individual"",""duration"":300000000000}",2023-12-23T14:10:12.20322-05:00,true,2023-12-23T14:10:12.210023-05:00,all games finished,2023-12-23T14:12:28.972249-05:00
01HJC1FT26XKWFCC1M4MWNFPSP,"{""kind"":""complete"",""config"":{""treatments"":[{""treatment"":{""name"":""Solo"",""desc"":""Single-player Game"",""factors"":{""playerCount"":1}},""count"":1}]}}",2023-12-23T14:12:32.838625-05:00,ended,2023-12-23T14:14:20.796745-05:00,"{""name"":""Default individual"",""kind"":""individual"",""duration"":300000000000}",2023-12-23T14:12:32.838625-05:00,true,2023-12-23T14:12:32.848208-05:00,all games finished,2023-12-23T14:14:20.796745-05:00
01HJC31X081Y34RSPJ2NG9065V,"{""kind"":""complete"",""config"":{""treatments"":[{""treatment"":{""name"":""Two Players"",""desc"":""Two-player Game"",""factors"":{""playerCount"":2}},""count"":1}]}}",2023-12-23T14:39:54.248945-05:00,terminated,2023-12-23T14:40:59.112835-05:00,"{""name"":""Default shared fail"",""kind"":""shared"",""duration"":300000000000,""strategy"":""fail""}",2023-12-23T14:39:54.248945-05:00,true,2023-12-23T14:39:54.265813-05:00,,
01HJC341NDY67B4C20JKPTJNY4,"{""kind"":""complete"",""config"":{""treatments"":[{""treatment"":{""name"":""Two Players"",""desc"":""Two-player Game"",""factors"":{""playerCount"":2}},""count"":1}]}}",2023-12-23T14:41:04.557345-05:00,terminated,2023-12-23T14:42:42.442996-05:00,"{""name"":""Default shared fail"",""kind"":""shared"",""duration"":300000000000,""strategy"":""fail""}",2023-12-23T14:41:04.557345-05:00,true,2023-12-23T14:41:04.566499-05:00,,
01HJC372C7GHTWSS2EPXP7YPY8,"{""kind"":""complete"",""config"":{""treatments"":[{""treatment"":{""name"":""Two Players"",""desc"":""Two-player Game"",""factors"":{""playerCount"":2}},""count"":1}]}}",2023-12-23T14:42:43.591396-05:00,terminated,2023-12-23T14:43:40.984743-05:00,"{""name"":""Default shared fail"",""kind"":""shared"",""duration"":300000000000,""strategy"":""fail""}",2023-12-23T14:42:43.591396-05:00,true,2023-12-23T14:42:43.601494-05:00,,
01HJC38Y7ZPZFYSSJ4635WP7JA,"{""kind"":""complete"",""config"":{""treatments"":[{""treatment"":{""name"":""Two Players"",""desc"":""Two-player Game"",""factors"":{""playerCount"":2}},""count"":1}]}}",2023-12-23T14:43:44.895818-05:00,terminated,2023-12-23T14:56:41.018652-05:00,"{""name"":""Default shared fail"",""kind"":""shared"",""duration"":300000000000,""strategy"":""fail""}",2023-12-23T14:43:44.895818-05:00,true,2023-12-23T14:43:44.906985-05:00,,
01HJC40N5QXZM9EF2821BY15F8,"{""kind"":""complete"",""config"":{""treatments"":[{""treatment"":{""name"":""Two Players"",""desc"":""Two-player Game"",""factors"":{""playerCount"":2}},""count"":1}]}}",2023-12-23T14:56:42.039304-05:00,ended,2023-12-23T15:56:17.231761-05:00,"{""name"":""Default shared fail"",""kind"":""shared"",""duration"":300000000000,""strategy"":""fail""}",2023-12-23T14:56:42.039304-05:00,true,2023-12-23T14:56:42.042779-05:00,all games finished,2023-12-23T15:56:17.231761-05:00
01HJEHC957QN5HR1N594JT2C2M,"{""kind"":""complete"",""config"":{""treatments"":[{""treatment"":{""name"":""Two Players"",""desc"":""Two-player Game"",""factors"":{""playerCount"":2}},""count"":1}]}}",2023-12-24T13:28:43.303268-05:00,terminated,2023-12-24T13:38:55.633822-05:00,"{""name"":""Default shared fail"",""kind"":""shared"",""duration"":300000000000,""strategy"":""fail""}",2023-12-24T13:28:43.303268-05:00,true,2023-12-24T13:28:43.317742-05:00,,
01HJEJBGN340G6BH3DK2BHG5GN,"{""kind"":""complete"",""config"":{""treatments"":[{""treatment"":{""name"":""Two Players"",""desc"":""Two-player Game"",""factors"":{""playerCount"":2}},""count"":1}]}}",2023-12-24T13:45:46.788005-05:00,terminated,2023-12-24T14:12:07.492112-05:00,"{""name"":""Default shared fail"",""kind"":""shared"",""duration"":300000000000,""strategy"":""fail""}",2023-12-24T13:45:46.788005-05:00,true,2023-12-24T13:45:46.800032-05:00,,
01HJEKW75V21GQMFAX25JP3S7N,"{""kind"":""complete"",""config"":{""treatments"":[{""treatment"":{""name"":""Two Players"",""desc"":""Two-player Game"",""factors"":{""playerCount"":2}},""count"":1}]}}",2023-12-24T14:12:22.716266-05:00,ended,2023-12-24T14:17:41.897835-05:00,"{""name"":""Default shared fail"",""kind"":""shared"",""duration"":300000000000,""strategy"":""fail""}",2023-12-24T14:12:22.716266-05:00,true,2023-12-24T14:12:22.732135-05:00,all games finished,2023-12-24T14:17:41.897835-05:00
01HJEM67H4DJVWSX0TMTY91E1M,"{""kind"":""complete"",""config"":{""treatments"":[{""treatment"":{""name"":""Two Players"",""desc"":""Two-player Game"",""factors"":{""playerCount"":2}},""count"":1}]}}",2023-12-24T14:17:50.75632-05:00,ended,2023-12-24T14:21:18.897915-05:00,"{""name"":""Default shared fail"",""kind"":""shared"",""duration"":300000000000,""strategy"":""fail""}",2023-12-24T14:17:50.75632-05:00,true,2023-12-24T14:17:50.772683-05:00,all games finished,2023-12-24T14:21:18.897915-05:00
01HJEMCSQ5FK7EBC3QHJY1VMF2,"{""kind"":""complete"",""config"":{""treatments"":[{""treatment"":{""name"":""Two Players"",""desc"":""Two-player Game"",""factors"":{""playerCount"":2}},""count"":1}]}}",2023-12-24T14:21:25.989837-05:00,ended,2023-12-24T14:31:10.884238-05:00,"{""name"":""Default shared fail"",""kind"":""shared"",""duration"":300000000000,""strategy"":""fail""}",2023-12-24T14:21:25.989837-05:00,true,2023-12-24T14:21:26.002816-05:00,all games finished,2023-12-24T14:31:10.884238-05:00
01HJEMZR9RA88SJVVSDVECXGAP,"{""kind"":""complete"",""config"":{""treatments"":[{""treatment"":{""name"":""Two Players"",""desc"":""Two-player Game"",""factors"":{""playerCount"":2}},""count"":1}]}}",2023-12-24T14:31:47.128812-05:00,ended,2023-12-24T18:05:27.985004-05:00,"{""name"":""Default shared fail"",""kind"":""shared"",""duration"":300000000000,""strategy"":""fail""}",2023-12-24T14:31:47.128812-05:00,true,2023-12-24T14:31:47.147183-05:00,all games finished,2023-12-24T18:05:27.985004-05:00
01HJF1766ACYDC10P840G0KVM7,"{""kind"":""complete"",""config"":{""treatments"":[{""treatment"":{""name"":""Two Players"",""desc"":""Two-player Game"",""factors"":{""playerCount"":2}},""count"":1}]}}",2023-12-24T18:05:33.642351-05:00,ended,2023-12-24T18:09:59.637442-05:00,"{""name"":""Default shared fail"",""kind"":""shared"",""duration"":300000000000,""strategy"":""fail""}",2023-12-24T18:05:33.642351-05:00,true,2023-12-24T18:05:33.654933-05:00,all games finished,2023-12-24T18:09:59.637442-05:00
01HJF1FDTV84Q7TPMGZM61V3SB,"{""kind"":""complete"",""config"":{""treatments"":[{""treatment"":{""name"":""Two Players"",""desc"":""Two-player Game"",""factors"":{""playerCount"":2}},""count"":1}]}}",2023-12-24T18:10:03.611393-05:00,terminated,2023-12-24T19:03:40.499209-05:00,"{""name"":""Default shared fail"",""kind"":""shared"",""duration"":300000000000,""strategy"":""fail""}",2023-12-24T18:10:03.611393-05:00,true,2023-12-24T18:10:03.625415-05:00,,
01HJF4HQMRMV6HWKR9CA9TMJFC,"{""kind"":""complete"",""config"":{""treatments"":[{""treatment"":{""name"":""Two Players"",""desc"":""Two-player Game"",""factors"":{""playerCount"":2}},""count"":1}]}}",2023-12-24T19:03:44.920227-05:00,ended,2023-12-24T20:18:09.336743-05:00,"{""name"":""Default shared fail"",""kind"":""shared"",""duration"":300000000000,""strategy"":""fail""}",2023-12-24T19:03:44.920227-05:00,true,2023-12-24T19:03:44.933135-05:00,all games finished,2023-12-24T20:18:09.336743-05:00
01HJKMBXBFBE3634KD558C5V7Q,"{""kind"":""complete"",""config"":{""treatments"":[{""treatment"":{""name"":""Solo"",""desc"":""Single-player Game"",""factors"":{""playerCount"":1}},""count"":1}]}}",2023-12-26T12:57:09.104264-05:00,ended,2023-12-26T13:19:27.735951-05:00,"{""name"":""Default shared fail"",""kind"":""shared"",""duration"":300000000000,""strategy"":""fail""}",2023-12-26T12:57:09.104264-05:00,true,2023-12-26T12:57:09.1243-05:00,all games finished,2023-12-26T13:19:27.735951-05:00
01HJKP1CXRX0FQ8SGWYDMABB86,"{""kind"":""complete"",""config"":{""treatments"":[{""treatment"":{""name"":""Solo"",""desc"":""Single-player Game"",""factors"":{""playerCount"":1}},""count"":1}]}}",2023-12-26T13:26:21.752471-05:00,ended,2023-12-26T13:30:58.798017-05:00,"{""name"":""Default shared fail"",""kind"":""shared"",""duration"":300000000000,""strategy"":""fail""}",2023-12-26T13:26:21.752471-05:00,true,2023-12-26T13:26:21.76305-05:00,all games finished,2023-12-26T13:30:58.798017-05:00
01HJKPEW7TW8G54AFRQJEFM65M,"{""kind"":""complete"",""config"":{""treatments"":[{""treatment"":{""name"":""Solo"",""desc"":""Single-player Game"",""factors"":{""playerCount"":1}},""count"":1}]}}",2023-12-26T13:33:43.418641-05:00,terminated,2023-12-26T13:51:01.219432-05:00,"{""name"":""Default shared fail"",""kind"":""shared"",""duration"":300000000000,""strategy"":""fail""}",2023-12-26T13:33:43.418641-05:00,true,2023-12-26T13:33:43.427155-05:00,,
01HJKQEK0BWVAEF6YG4EKQGZ34,"{""kind"":""complete"",""config"":{""treatments"":[{""treatment"":{""name"":""Solo"",""desc"":""Single-player Game"",""factors"":{""playerCount"":1}},""count"":1}]}}",2023-12-26T13:51:02.53934-05:00,terminated,2023-12-26T13:53:39.106028-05:00,"{""name"":""Default shared fail"",""kind"":""shared"",""duration"":300000000000,""strategy"":""fail""}",2023-12-26T13:51:02.53934-05:00,true,2023-12-26T13:51:02.54362-05:00,,
01HJKQKD6PBAHW7S2WVT9PGTGP,"{""kind"":""complete"",""config"":{""treatments"":[{""treatment"":{""name"":""Solo"",""desc"":""Single-player Game"",""factors"":{""playerCount"":1}},""count"":1}]}}",2023-12-26T13:53:40.438082-05:00,terminated,2023-12-26T13:55:26.611136-05:00,"{""name"":""Default shared fail"",""kind"":""shared"",""duration"":300000000000,""strategy"":""fail""}",2023-12-26T13:53:40.438082-05:00,true,2023-12-26T13:53:40.442763-05:00,,
01HJKQPNVT8G1GYRYPHGVW81RQ,"{""kind"":""complete"",""config"":{""treatments"":[{""treatment"":{""name"":""Solo"",""desc"":""Single-player Game"",""factors"":{""playerCount"":1}},""count"":1}]}}",2023-12-26T13:55:27.610915-05:00,terminated,2023-12-26T13:59:01.693282-05:00,"{""name"":""Default shared fail"",""kind"":""shared"",""duration"":300000000000,""strategy"":""fail""}",2023-12-26T13:55:27.610915-05:00,true,2023-12-26T13:55:27.615262-05:00,,
01HJKQXF6EX8GPMADXVW1NG4WH,"{""kind"":""complete"",""config"":{""treatments"":[{""treatment"":{""name"":""Two Players"",""desc"":""Two-player Game"",""factors"":{""playerCount"":2}},""count"":1}]}}",2023-12-26T13:59:10.158203-05:00,ended,2023-12-26T14:14:20.169181-05:00,"{""name"":""Default shared fail"",""kind"":""shared"",""duration"":300000000000,""strategy"":""fail""}",2023-12-26T13:59:10.158203-05:00,true,2023-12-26T13:59:10.162255-05:00,all games finished,2023-12-26T14:14:20.169181-05:00
01HJKRVC72YW8EXCV1TBCR2BVT,"{""kind"":""complete"",""config"":{""treatments"":[{""treatment"":{""name"":""Two Players"",""desc"":""Two-player Game"",""factors"":{""playerCount"":2}},""count"":1}]}}",2023-12-26T14:15:30.146397-05:00,ended,2023-12-26T14:26:52.771998-05:00,"{""name"":""Default shared fail"",""kind"":""shared"",""duration"":300000000000,""strategy"":""fail""}",2023-12-26T14:15:30.146397-05:00,true,2023-12-26T14:15:30.160174-05:00,all games finished,2023-12-26T14:26:52.771998-05:00
01HJKSJ4HRSD839AXV83TJGJS8,"{""kind"":""complete"",""config"":{""treatments"":[{""treatment"":{""name"":""Two Players"",""desc"":""Two-player Game"",""factors"":{""playerCount"":2}},""count"":1}]}}",2023-12-26T14:27:55.9608-05:00,terminated,2023-12-27T18:18:43.554137-05:00,"{""name"":""Default shared fail"",""kind"":""shared"",""duration"":300000000000,""strategy"":""fail""}",2023-12-26T14:27:55.9608-05:00,true,2023-12-26T14:27:55.970531-05:00,,
01HJPS5RVQ4ZWZDP3VMQYW4235,"{""kind"":""complete"",""config"":{""treatments"":[{""treatment"":{""name"":""Solo"",""desc"":""Single-player Game"",""factors"":{""playerCount"":1}},""count"":1}]}}",2023-12-27T18:18:54.071652-05:00,terminated,2023-12-27T18:20:17.416604-05:00,"{""name"":""Default shared fail"",""kind"":""shared"",""duration"":300000000000,""strategy"":""fail""}",2023-12-27T18:18:54.071652-05:00,true,2023-12-27T18:18:54.090729-05:00,,
01HJPS63P2Q1QMFB5MZSX5X85E,"{""kind"":""complete"",""config"":{""treatments"":[{""treatment"":{""name"":""Solo"",""desc"":""Single-player Game"",""factors"":{""playerCount"":1}},""count"":1}]}}",2023-12-27T18:19:05.154944-05:00,terminated,2023-12-27T18:20:33.017006-05:00,"{""name"":""Default shared fail"",""kind"":""shared"",""duration"":300000000000,""strategy"":""fail""}",2023-12-27T18:19:05.154944-05:00,true,2023-12-27T18:19:05.165196-05:00,,
01HJPS8X0ZZC5R6ZF61C6XN1H1,"{""kind"":""complete"",""config"":{""treatments"":[{""treatment"":{""name"":""Solo"",""desc"":""Single-player Game"",""factors"":{""playerCount"":1}},""count"":1}]}}",2023-12-27T18:20:36.639268-05:00,ended,2023-12-27T18:24:24.237887-05:00,"{""name"":""Default shared fail"",""kind"":""shared"",""duration"":300000000000,""strategy"":""fail""}",2023-12-27T18:20:36.639268-05:00,true,2023-12-27T18:20:36.654493-05:00,all games finished,2023-12-27T18:24:24.237887-05:00
01HJPSS6D0BSCRFAHXA3VJ1X3K,"{""kind"":""complete"",""config"":{""treatments"":[{""treatment"":{""name"":""Solo"",""desc"":""Single-player Game"",""factors"":{""playerCount"":1}},""count"":1}]}}",2023-12-27T18:29:30.528682-05:00,terminated,2023-12-27T18:38:48.499093-05:00,"{""name"":""Default shared fail"",""kind"":""shared"",""duration"":300000000000,""strategy"":""fail""}",2023-12-27T18:29:30.528682-05:00,true,2023-12-27T18:29:30.54341-05:00,,
01HJPTA8804QVMKT9W6YW724BA,"{""kind"":""complete"",""config"":{""treatments"":[{""treatment"":{""name"":""Solo"",""desc"":""Single-player Game"",""factors"":{""playerCount"":1}},""count"":1}]}}",2023-12-27T18:38:49.473006-05:00,ended,2023-12-27T18:58:33.711528-05:00,"{""name"":""Default shared fail"",""kind"":""shared"",""duration"":300000000000,""strategy"":""fail""}",2023-12-27T18:38:49.473006-05:00,true,2023-12-27T18:38:49.481441-05:00,all games finished,2023-12-27T18:58:33.711528-05:00
01HJPVF023DZAE424Q8DT5X61B,"{""kind"":""complete"",""config"":{""treatments"":[{""treatment"":{""name"":""Solo"",""desc"":""Single-player Game"",""factors"":{""playerCount"":1}},""count"":1}]}}",2023-12-27T18:58:53.507699-05:00,ended,2023-12-27T19:18:17.922879-05:00,"{""name"":""Default shared fail"",""kind"":""shared"",""duration"":300000000000,""strategy"":""fail""}",2023-12-27T18:58:53.507699-05:00,true,2023-12-27T18:58:53.51768-05:00,all games finished,2023-12-27T19:18:17.922879-05:00
01HJPWK8CJDTNJV6W04J9NGE5R,"{""kind"":""complete"",""config"":{""treatments"":[{""treatment"":{""name"":""Solo"",""desc"":""Single-player Game"",""factors"":{""playerCount"":1}},""count"":1}]}}",2023-12-27T19:18:41.682959-05:00,terminated,2023-12-27T19:28:32.256848-05:00,"{""name"":""Default shared fail"",""kind"":""shared"",""duration"":300000000000,""strategy"":""fail""}",2023-12-27T19:18:41.682959-05:00,true,2023-12-27T19:18:41.690354-05:00,,
01HJPX5AA1CGH4JVK292S9YMM1,"{""kind"":""complete"",""config"":{""treatments"":[{""treatment"":{""name"":""Solo"",""desc"":""Single-player Game"",""factors"":{""playerCount"":1}},""count"":1}]}}",2023-12-27T19:28:33.473337-05:00,terminated,2023-12-27T19:31:53.865221-05:00,"{""name"":""Default shared fail"",""kind"":""shared"",""duration"":300000000000,""strategy"":""fail""}",2023-12-27T19:28:33.473337-05:00,true,2023-12-27T19:28:33.4783-05:00,,
01HJPXBEYQEK73JBXMHPB7NWA1,"{""kind"":""complete"",""config"":{""treatments"":[{""treatment"":{""name"":""Solo"",""desc"":""Single-player Game"",""factors"":{""playerCount"":1}},""count"":1}]}}",2023-12-27T19:31:54.839086-05:00,ended,2023-12-27T19:35:40.265733-05:00,"{""name"":""Default shared fail"",""kind"":""shared"",""duration"":300000000000,""strategy"":""fail""}",2023-12-27T19:31:54.839086-05:00,true,2023-12-27T19:31:54.843388-05:00,all games finished,2023-12-27T19:35:40.265733-05:00
01HJPXJEDJD6NK22SWB1TKNGDF,"{""kind"":""complete"",""config"":{""treatments"":[{""treatment"":{""name"":""Solo"",""desc"":""Single-player Game"",""factors"":{""playerCount"":1}},""count"":1}]}}",2023-12-27T19:35:43.666361-05:00,ended,2023-12-27T19:39:00.679571-05:00,"{""name"":""Default shared fail"",""kind"":""shared"",""duration"":300000000000,""strategy"":""fail""}",2023-12-27T19:35:43.666361-05:00,true,2023-12-27T19:35:43.67129-05:00,all games finished,2023-12-27T19:39:00.679571-05:00
01HJPXRKAQH1A6W9CJ6JV78ZYD,"{""kind"":""complete"",""config"":{""treatments"":[{""treatment"":{""name"":""Solo"",""desc"":""Single-player Game"",""factors"":{""playerCount"":1}},""count"":1}]}}",2023-12-27T19:39:05.303837-05:00,terminated,2023-12-28T18:16:29.369824-05:00,"{""name"":""Default shared fail"",""kind"":""shared"",""duration"":300000000000,""strategy"":""fail""}",2023-12-27T19:39:05.303837-05:00,true,2023-12-27T19:39:05.307909-05:00,,
01HJPXRKMXXZDF9VA0D9G012XY,"{""kind"":""complete"",""config"":{""treatments"":[{""treatment"":{""name"":""Solo"",""desc"":""Single-player Game"",""factors"":{""playerCount"":1}},""count"":1}]}}",2023-12-27T19:39:05.62935-05:00,terminated,2023-12-28T18:18:02.933431-05:00,"{""name"":""Default shared fail"",""kind"":""shared"",""duration"":300000000000,""strategy"":""fail""}",2023-12-27T19:39:05.62935-05:00,true,2023-12-27T19:39:05.632902-05:00,,
01HJSBH2Z5E3GE794FYJR8N12F,"{""kind"":""complete"",""config"":{""treatments"":[{""treatment"":{""name"":""Solo"",""desc"":""Single-player Game"",""factors"":{""playerCount"":1}},""count"":1}]}}",2023-12-28T18:18:08.10139-05:00,ended,2023-12-28T18:31:11.135759-05:00,"{""name"":""Default shared fail"",""kind"":""shared"",""duration"":300000000000,""strategy"":""fail""}",2023-12-28T18:18:08.10139-05:00,true,2023-12-28T18:18:08.120989-05:00,all games finished,2023-12-28T18:31:11.135759-05:00
01HJSCK4Q4XFS0RJSFN9FQRYPY,"{""kind"":""complete"",""config"":{""treatments"":[{""treatment"":{""name"":""Solo"",""desc"":""Single-player Game"",""factors"":{""playerCount"":1}},""count"":1}]}}",2023-12-28T18:36:44.005131-05:00,ended,2023-12-28T19:29:21.097034-05:00,"{""name"":""Default shared fail"",""kind"":""shared"",""duration"":300000000000,""strategy"":""fail""}",2023-12-28T18:36:44.005131-05:00,true,2023-12-28T18:36:44.025599-05:00,all games finished,2023-12-28T19:29:21.097034-05:00
01HJSFMFYKH4X57G2WDH24081S,"{""kind"":""complete"",""config"":{""treatments"":[{""treatment"":{""name"":""Solo"",""desc"":""Single-player Game"",""factors"":{""playerCount"":1}},""count"":1}]}}",2023-12-28T19:29:54.003429-05:00,ended,2023-12-28T20:54:21.758502-05:00,"{""name"":""Default shared fail"",""kind"":""shared"",""duration"":300000000000,""strategy"":""fail""}",2023-12-28T19:29:54.003429-05:00,true,2023-12-28T19:29:54.008871-05:00,all games finished,2023-12-28T20:54:21.758502-05:00
01HJSMF8A2X08H2M9TF14Y49RJ,"{""kind"":""complete"",""config"":{""treatments"":[{""treatment"":{""name"":""Solo"",""desc"":""Single-player Game"",""factors"":{""playerCount"":1}},""count"":1}]}}",2023-12-28T20:54:25.218156-05:00,terminated,2023-12-29T18:22:39.716202-05:00,"{""name"":""Default shared fail"",""kind"":""shared"",""duration"":300000000000,""strategy"":""fail""}",2023-12-28T20:54:25.218156-05:00,true,2023-12-28T20:54:25.224081-05:00,,
01HJVY6V5D6TCBR9Y4QP80AK7J,"{""kind"":""complete"",""config"":{""treatments"":[{""treatment"":{""name"":""Multi Player"",""desc"":""Three-player Game"",""factors"":{""playerCount"":5}},""count"":1}]}}",2023-12-29T18:23:04.237655-05:00,ended,2023-12-29T18:31:14.011096-05:00,"{""name"":""Default shared fail"",""kind"":""shared"",""duration"":300000000000,""strategy"":""fail""}",2023-12-29T18:23:04.237655-05:00,true,2023-12-29T18:23:04.257771-05:00,all games finished,2023-12-29T18:31:14.011096-05:00
01HK3K2QR9K0DB8VKMWYVNBZQN,"{""kind"":""complete"",""config"":{""treatments"":[{""treatment"":{""name"":""Solo"",""desc"":""Single-player Game"",""factors"":{""playerCount"":1}},""count"":1}]}}",2024-01-01T17:42:30.79376-05:00,ended,2024-01-01T17:46:24.820484-05:00,"{""name"":""Default shared fail"",""kind"":""shared"",""duration"":300000000000,""strategy"":""fail""}",2024-01-01T17:42:30.79376-05:00,true,2024-01-01T17:42:30.810853-05:00,all games finished,2024-01-01T17:46:24.820484-05:00
01HK5KYMNVM5MEZBCRPADM8TKZ,"{""kind"":""complete"",""config"":{""treatments"":[{""treatment"":{""name"":""Solo"",""desc"":""Single-player Game"",""factors"":{""playerCount"":1}},""count"":1}]}}",2024-01-02T12:36:14.011804-05:00,ended,2024-01-02T13:54:58.055541-05:00,"{""name"":""Default shared fail"",""kind"":""shared"",""duration"":300000000000,""strategy"":""fail""}",2024-01-02T12:36:14.011804-05:00,true,2024-01-02T12:36:14.033966-05:00,all games finished,2024-01-02T13:54:58.055541-05:00
01HK5REXEF020017NYM4XRRMQ2,"{""kind"":""complete"",""config"":{""treatments"":[{""treatment"":{""name"":""Solo"",""desc"":""Single-player Game"",""factors"":{""playerCount"":1}},""count"":1}]}}",2024-01-02T13:55:01.583946-05:00,terminated,2024-01-02T13:57:31.582266-05:00,"{""name"":""Default shared fail"",""kind"":""shared"",""duration"":300000000000,""strategy"":""fail""}",2024-01-02T13:55:01.583946-05:00,true,2024-01-02T13:55:01.594586-05:00,,
01HK5RKBCNYYJS87W34RQPHEKQ,"{""kind"":""complete"",""config"":{""treatments"":[{""treatment"":{""name"":""Solo"",""desc"":""Single-player Game"",""factors"":{""playerCount"":1}},""count"":1}]}}",2024-01-02T13:57:26.933551-05:00,terminated,2024-01-02T14:17:16.853409-05:00,"{""name"":""Default shared fail"",""kind"":""shared"",""duration"":300000000000,""strategy"":""fail""}",2024-01-02T13:57:26.933551-05:00,true,2024-01-02T13:57:26.939889-05:00,,
01HK5SQT19RF5GNJZFZADCJQY1,"{""kind"":""complete"",""config"":{""treatments"":[{""treatment"":{""name"":""Solo"",""desc"":""Single-player Game"",""factors"":{""playerCount"":1,""warrantCost"":1000,""warrantValue"":2000}},""count"":1}]}}",2024-01-02T14:17:21.577415-05:00,ended,2024-01-02T14:35:30.019368-05:00,"{""name"":""Default shared fail"",""kind"":""shared"",""duration"":300000000000,""strategy"":""fail""}",2024-01-02T14:17:21.577415-05:00,true,2024-01-02T14:17:21.583843-05:00,all games finished,2024-01-02T14:35:30.019368-05:00
01HK5TSFN35RPY76222A2G1Z0V,"{""kind"":""complete"",""config"":{""treatments"":[{""treatment"":{""name"":""Solo"",""desc"":""Single-player Game"",""factors"":{""playerCount"":1,""warrantCost"":1000,""warrantValue"":2000}},""count"":1}]}}",2024-01-02T14:35:45.059996-05:00,terminated,2024-01-02T14:36:57.811167-05:00,"{""name"":""Default shared fail"",""kind"":""shared"",""duration"":300000000000,""strategy"":""fail""}",2024-01-02T14:35:45.059996-05:00,true,2024-01-02T14:35:45.065432-05:00,,
01HK5TVQPGY0MRYP060PJ6C4ZC,"{""kind"":""complete"",""config"":{""treatments"":[{""treatment"":{""name"":""Solo"",""desc"":""Single-player Game"",""factors"":{""playerCount"":1,""warrantCost"":1000,""warrantValue"":2000}},""count"":1}]}}",2024-01-02T14:36:58.832988-05:00,terminated,2024-01-02T14:38:08.701105-05:00,"{""name"":""Default shared fail"",""kind"":""shared"",""duration"":300000000000,""strategy"":""fail""}",2024-01-02T14:36:58.832988-05:00,true,2024-01-02T14:36:58.837908-05:00,,
01HK5TWWHEHFPP9RR1GSZGBSC7,"{""kind"":""complete"",""config"":{""treatments"":[{""treatment"":{""name"":""Solo"",""desc"":""Single-player Game"",""factors"":{""playerCount"":1,""warrantCost"":1000,""warrantValue"":2000}},""count"":1}]}}",2024-01-02T14:37:36.55832-05:00,terminated,2024-01-02T14:48:27.676439-05:00,"{""name"":""Default shared fail"",""kind"":""shared"",""duration"":300000000000,""strategy"":""fail""}",2024-01-02T14:37:36.55832-05:00,true,2024-01-02T14:37:36.563516-05:00,,
01HK5TY0PJ1VD9NN8DV9VNN557,"{""kind"":""complete"",""config"":{""treatments"":[{""treatment"":{""name"":""Solo"",""desc"":""Single-player Game"",""factors"":{""challengeProbability"":0.7,""playerCount"":1,""warrantCost"":1000,""warrantValue"":2000}},""count"":1}]}}",2024-01-02T14:38:13.586423-05:00,terminated,2024-01-02T14:41:04.94151-05:00,"{""name"":""Default shared fail"",""kind"":""shared"",""duration"":300000000000,""strategy"":""fail""}",2024-01-02T14:38:13.586423-05:00,true,2024-01-02T14:38:13.593368-05:00,,
01HK5V3D4E36N7JPT6PCPT85W3,"{""kind"":""complete"",""config"":{""treatments"":[{""treatment"":{""name"":""Solo"",""desc"":""Single-player Game"",""factors"":{""challengeProbability"":0.7,""playerCount"":1,""warrantCost"":1000,""warrantValue"":2000}},""count"":1}]}}",2024-01-02T14:41:10.158693-05:00,ended,2024-01-02T14:42:16.469602-05:00,"{""name"":""Default shared fail"",""kind"":""shared"",""duration"":300000000000,""strategy"":""fail""}",2024-01-02T14:41:10.158693-05:00,true,2024-01-02T14:41:10.166012-05:00,all games finished,2024-01-02T14:42:16.469602-05:00
01HK5VDKR3RZXFQ0TR5QWMZ4RV,"{""kind"":""complete"",""config"":{""treatments"":[{""treatment"":{""name"":""Solo"",""desc"":""Single-player Game"",""factors"":{""challengeProbability"":0.7,""playerCount"":1,""warrantCost"":1000,""warrantValue"":2000}},""count"":1}]}}",2024-01-02T14:46:44.61158-05:00,ended,2024-01-02T14:47:59.459818-05:00,"{""name"":""Default shared fail"",""kind"":""shared"",""duration"":300000000000,""strategy"":""fail""}",2024-01-02T14:46:44.61158-05:00,true,2024-01-02T14:46:44.624196-05:00,all games finished,2024-01-02T14:47:59.459818-05:00
01HK5Z6RC8VZ03359NSCJ7P0K6,"{""kind"":""complete"",""config"":{""treatments"":[{""treatment"":{""name"":""Solo"",""desc"":""Single-player Game"",""factors"":{""challengeProbability"":0.7,""playerCount"":1,""warrantCost"":1000,""warrantValue"":2000}},""count"":1}]}}",2024-01-02T15:52:54.281032-05:00,ended,2024-01-02T17:27:07.179426-05:00,"{""name"":""Default shared fail"",""kind"":""shared"",""duration"":300000000000,""strategy"":""fail""}",2024-01-02T15:52:54.281032-05:00,true,2024-01-02T15:52:54.300129-05:00,all games finished,2024-01-02T17:27:07.179426-05:00
01HK64M7S9WS0MEDTWNES7KHQZ,"{""kind"":""complete"",""config"":{""treatments"":[{""treatment"":{""name"":""Multi Player"",""desc"":""Three-player Game"",""factors"":{""challengeProbability"":0.7,""playerCount"":5,""warrantCost"":1000,""warrantValue"":2000}},""count"":1}]}}",2024-01-02T17:27:38.921857-05:00,terminated,2024-01-02T17:44:54.191134-05:00,"{""name"":""Default shared fail"",""kind"":""shared"",""duration"":300000000000,""strategy"":""fail""}",2024-01-02T17:27:38.921857-05:00,true,2024-01-02T17:27:38.931198-05:00,,
01HK64MTRSAN5XSBFDCQ650GHS,"{""kind"":""complete"",""config"":{""treatments"":[{""treatment"":{""name"":""Solo"",""desc"":""Single-player Game"",""factors"":{""challengeProbability"":0.7,""playerCount"":1,""warrantCost"":1000,""warrantValue"":2000}},""count"":1}]}}",2024-01-02T17:27:58.361325-05:00,terminated,2024-01-02T17:44:51.504056-05:00,"{""name"":""Default shared fail"",""kind"":""shared"",""duration"":300000000000,""strategy"":""fail""}",2024-01-02T17:27:58.361325-05:00,true,2024-01-02T17:27:58.367002-05:00,,
01HK65KZ4F03BAQYW03WXCNM1T,"{""kind"":""complete"",""config"":{""treatments"":[{""treatment"":{""name"":""Two Players"",""desc"":""Two-player Game"",""factors"":{""challengeProbability"":0.7,""playerCount"":2,""warrantCost"":1000,""warrantValue"":2000}},""count"":1}]}}",2024-01-02T17:44:58.639621-05:00,ended,2024-01-02T18:04:42.493775-05:00,"{""name"":""Default shared fail"",""kind"":""shared"",""duration"":300000000000,""strategy"":""fail""}",2024-01-02T17:44:58.639621-05:00,true,2024-01-02T17:44:58.660866-05:00,all games finished,2024-01-02T18:04:42.493775-05:00
01HK67N9DM1K3P79YG58ANTDJT,"{""kind"":""complete"",""config"":{""treatments"":[{""treatment"":{""name"":""Two Players"",""desc"":""Two-player Game"",""factors"":{""challengeProbability"":0.7,""playerCount"":2,""warrantCost"":1000,""warrantValue"":2000}},""count"":1}]}}",2024-01-02T18:20:39.092731-05:00,ended,2024-01-02T18:22:45.901303-05:00,"{""name"":""Default shared fail"",""kind"":""shared"",""duration"":300000000000,""strategy"":""fail""}",2024-01-02T18:20:39.092731-05:00,true,2024-01-02T18:20:39.114786-05:00,all games finished,2024-01-02T18:22:45.901303-05:00
